{"title": "20%off  MICRO BAGUETTE grey python", "price": "$ 144", "img": "http://playnomore.co.kr/web/product/big/201910/596078374708bbb81ffd629a8cf88950.jpg", "link": "http://playnomore.co.kr/product/detail.html?product_no=547&cate_no=24&display_group=1"}
{"title": "20%off  MICRO BAGUETTE pink python", "price": "$ 144", "img": "http://playnomore.co.kr/web/product/big/201910/0af90d394789fffda249d8ba5f787a96.jpg", "link": "http://playnomore.co.kr/product/detail.html?product_no=545&cate_no=24&display_group=1"}
{"title": "40%off  MICRO BAGUETTE yellow", "price": "$ 108", "img": "http://playnomore.co.kr/web/product/big/202103/d52fb9418aa67922d304bfb7eac04d15.jpg", "link": "http://playnomore.co.kr/product/detail.html?product_no=573&cate_no=24&display_group=1"}
{"title": "20%off  MICRO CANDY pink", "price": "$ 144", "img": "http://playnomore.co.kr/web/product/big/202009/77055f160ce10e87bf5ab44c8f2a96db.jpg", "link": "http://playnomore.co.kr/product/detail.html?product_no=575&cate_no=24&display_group=1"}
{"title": "MICRO CANDY natural", "price": "$ 180", "img": "http://playnomore.co.kr/web/product/big/202007/598e56c9efa82be4dd6d129db71ba5cc.jpg", "link": "http://playnomore.co.kr/product/detail.html?product_no=532&cate_no=24&display_group=1"}
{"title": "[Pre-Order] 20%off  MICRO CANDY tweed black", "price": "$ 144", "img": "http://playnomore.co.kr/web/product/big/202007/f62379ae157d187c31bd34070ef07f2a.jpg", "link": "http://playnomore.co.kr/product/detail.html?product_no=534&cate_no=24&display_group=1"}
{"title": "20%off  MICRO CANDY lavender", "price": "$ 144", "img": "http://playnomore.co.kr/web/product/big/202007/41be7cd5c22e9c844a8e3a3b898c0234.jpg", "link": "http://playnomore.co.kr/product/detail.html?product_no=552&cate_no=24&display_group=1"}
{"title": "30%off  SHYGIRL lavender", "price": "$ 231", "img": "http://playnomore.co.kr/web/product/big/202101/0f1f12ecee88cb6a90b689c2362d5590.jpg", "link": "http://playnomore.co.kr/product/detail.html?product_no=581&cate_no=24&display_group=1"}
{"title": "40%off  LITTLE SPENCER 6 colors", "price": "$ 153", "img": "http://playnomore.co.kr/web/product/big/202101/d3a3c250047d92cb1363382c07b20e2d.jpg", "link": "http://playnomore.co.kr/product/detail.html?product_no=580&cate_no=24&display_group=1"}
{"title": "20%off [Pre-Order] MICRO CANDY black", "price": "$ 144", "img": "http://playnomore.co.kr/web/product/big/202007/fa7175a58806657a4edf2611ba7a7336.jpg", "link": "http://playnomore.co.kr/product/detail.html?product_no=506&cate_no=24&display_group=1"}
{"title": "20%off  MICRO CANDY white", "price": "$ 144", "img": "http://playnomore.co.kr/web/product/big/202007/a4df4521be08ea0bea4882eec6fd27e8.jpg", "link": "http://playnomore.co.kr/product/detail.html?product_no=507&cate_no=24&display_group=1"}
{"title": "20%off  MICRO BAGUETTE black saffiano", "price": "$ 144", "img": "http://playnomore.co.kr/web/product/big/202102/a3f8907b1414d739f37ac90e050ad2be.jpg", "link": "http://playnomore.co.kr/product/detail.html?product_no=574&cate_no=24&display_group=1"}
{"title": "20%off  MICRO BAGUETTE white", "price": "$ 144", "img": "http://playnomore.co.kr/web/product/big/202007/ad23b70dcdd2091e4b243dd198c6f414.jpg", "link": "http://playnomore.co.kr/product/detail.html?product_no=572&cate_no=24&display_group=1"}
{"title": "50%off  RAINBOW HOBO almond", "price": "$ 90", "img": "http://playnomore.co.kr/web/product/big/202101/23f9991527b10d2de9ae9dc1740ac2fb.jpg", "link": "http://playnomore.co.kr/product/detail.html?product_no=582&cate_no=24&display_group=1"}
{"title": "20%off  MICRO BAGUETTE green python", "price": "$ 144", "img": "http://playnomore.co.kr/web/product/big/201910/751de37eead5e1a82a373b0738ed1059.jpg", "link": "http://playnomore.co.kr/product/detail.html?product_no=546&cate_no=24&display_group=1"}
